ID,Data Bytes
5BD80153,C4 51 00 00 00 FF 00 90 
5C0B0153,C4 51 00 00 00 FF 00 90 
5C3F0153,C4 51 00 00 00 FF 00 90 
5C700153,C4 51 00 00 00 FF 00 90 
5CA30153,C4 51 00 00 00 FF 00 90 
5CD20153,C4 51 00 00 00 FF 00 90 
5CE80153,C4 51 00 00 00 FF 00 90 
5D1C0153,C4 51 00 00 00 FF 00 90 
5D4C0153,C4 51 00 00 00 FF 00 90 
5D7B0153,C4 51 00 00 00 FF 00 90 
5DAB0153,C4 51 00 00 00 FF 00 90 
5DDA0153,C4 51 00 00 00 FF 00 90 
5DF10153,C4 51 00 00 00 FF 00 90 
5E240153,C4 51 00 00 00 FF 00 90 
5E5F0153,C4 51 00 00 00 FF 00 90 
5E940153,C4 51 00 00 00 FF 00 90 
5EC20153,C4 51 00 00 00 FF 00 90 
5F310153,C4 51 00 00 00 FF 00 90 
5F640153,C4 51 00 00 00 FF 00 90 
5FB10153,C4 51 00 00 00 FF 00 90 
5FCF0153,C4 51 00 00 00 FF 00 90 
60020153,C4 51 00 00 00 FF 00 90 
60360153,C4 51 00 00 00 FF 00 90 
606A0153,C4 51 00 00 00 FF 00 90 
60EC0153,C4 51 00 00 00 FF 00 90 
61400153,C4 51 00 00 00 FF 00 90 
61910153,C4 51 00 00 00 FF 00 90 
61E90153,C4 51 00 00 00 FF 00 90 
62420153,C4 51 00 00 00 FF 00 90 
62960153,C4 51 00 00 00 FF 00 90 
62D30153,C4 51 00 00 00 FF 00 90 
63420153,C4 51 00 00 00 FF 00 90 
63B60153,C4 51 00 00 00 FF 00 90 
641B0153,C4 51 00 00 00 FF 00 90 
64A00153,C4 51 00 00 00 FF 00 90 
64B10153,C4 51 00 00 00 FF 00 90 
650A0153,C4 51 00 00 00 FF 00 90 
65740153,C4 51 00 00 00 FF 00 90 
65C70153,C4 51 00 00 00 FF 00 90 
66060153,C4 51 00 00 00 FF 00 90 
66750153,C4 51 00 00 00 FF 00 90 
66F40153,C4 51 00 00 00 FF 00 90 
67450153,C4 51 00 00 00 FF 00 90 
67BE0153,C4 51 00 00 00 FF 00 90 
682F0153,C4 51 00 00 00 FF 00 90 
68760153,C4 51 00 00 00 FF 00 90 
68F60153,C4 51 00 00 00 FF 00 90 
69610153,C4 51 00 00 00 FF 00 90 
69D60153,C4 51 00 00 00 FF 00 90 
6A430153,C4 51 00 00 00 FF 00 90 
6A860153,C4 51 00 00 00 FF 00 90 
6ABB0153,C4 51 00 00 00 FF 00 90 
6B0D0153,C4 51 00 00 00 FF 00 90 
6B770153,C4 51 00 00 00 FF 00 90 
6BB50153,C4 51 00 00 00 FF 00 90 
6BFE0153,C4 51 00 00 00 FF 00 90 
6C7E0153,C4 51 00 00 00 FF 00 90 
6CF10153,C4 51 00 00 00 FF 00 90 
6D480153,C4 51 00 00 00 FF 00 90 
6DB50153,00 50 00 00 00 FF 00 80 
6E0F0153,00 50 00 00 00 FF 00 80 
6EDC0153,00 50 00 00 00 FF 00 80 
6F280153,00 50 00 00 00 FF 00 80 
6F8C0153,00 50 00 00 00 FF 00 80 
6FE10153,00 50 00 00 00 FF 00 80 
70450153,00 50 00 00 00 FF 00 80 
707E0153,00 50 00 00 00 FF 00 80 
70D70153,00 50 00 00 00 FF 00 80 
71440153,00 50 00 00 00 FF 00 80 
71BE0153,00 50 00 00 00 FF 00 80 
72210153,00 50 00 00 00 FF 00 80 
72660153,00 50 00 00 00 FF 00 80 
72990153,00 50 00 00 00 FF 00 80 
72F00153,00 50 00 00 00 FF 00 80 
73490153,00 50 00 00 00 FF 00 80 
739A0153,00 50 00 00 00 FF 00 80 
73DA0153,00 50 00 00 00 FF 00 80 
745D0153,00 50 00 00 00 FF 00 80 
74D40153,00 50 00 00 00 FF 00 80 
75250153,00 50 00 00 00 FF 00 80 
758E0153,00 50 00 00 00 FF 00 80 
75E60153,00 50 00 00 00 FF 00 80 
76280153,00 50 00 00 00 FF 00 80 
77980153,00 50 00 00 00 FF 00 80 
77DA0153,00 50 00 00 00 FF 00 80 
78490153,00 50 00 00 00 FF 00 80 
79070153,00 50 00 00 00 FF 00 80 
79BB0153,00 50 00 00 00 FF 00 80 
7A0F0153,00 50 00 00 00 FF 00 80 
7A6E0153,00 50 00 00 00 FF 00 80 
7AD30153,00 50 00 00 00 FF 00 80 
7B390153,00 50 00 00 00 FF 00 80 
7BC60153,00 50 00 00 00 FF 00 80 
7BFB0153,00 50 00 00 00 FF 00 80 
7C4D0153,00 50 00 00 00 FF 00 80 
7CA60153,00 50 00 00 00 FF 00 80 
7D3B0153,00 50 00 00 00 FF 00 80 
7D8C0153,00 50 00 00 00 FF 00 80 
7DCE0153,00 50 00 00 00 FF 00 80 
7E120153,00 50 00 00 00 FF 00 80 
7E730153,00 50 00 00 00 FF 00 80 
7EDE0153,00 50 00 00 00 FF 00 80 
7F0E0153,00 50 00 00 00 FF 00 80 
7FAA0153,00 50 00 00 00 FF 00 80 
7FED0153,00 50 00 00 00 FF 00 80 
80630153,00 50 00 00 00 FF 00 80 
80EB0153,00 50 00 00 00 FF 00 80 
81590153,00 50 00 00 00 FF 00 80 
81BC0153,00 50 00 00 00 FF 00 80 
82070153,00 50 00 00 00 FF 00 80 
82480153,00 50 00 00 00 FF 00 80 
82880153,00 50 00 00 00 FF 00 80 
830C0153,00 50 00 00 00 FF 00 80 
83770153,00 50 00 00 00 FF 00 80 
83EB0153,00 50 00 00 00 FF 00 80 
843C0153,00 50 00 00 00 FF 00 80 
84420153,00 50 00 00 00 FF 00 80 
84910153,00 50 00 00 00 FF 00 80 
84DD0153,00 50 00 00 00 FF 00 80 
85340153,00 50 00 00 00 FF 00 80 
856B0153,00 50 00 00 00 FF 00 80 
85CD0153,00 50 00 00 00 FF 00 80 
86360153,00 50 00 00 00 FF 00 80 
86890153,00 50 00 00 00 FF 00 80 
86D40153,00 50 00 00 00 FF 00 80 
87150153,00 50 00 00 00 FF 00 80 
87540153,00 50 00 00 00 FF 00 80 
87AE0153,00 50 00 00 00 FF 00 80 
88000153,00 50 00 00 00 FF 00 80 
88700153,00 50 00 00 00 FF 00 80 
889A0153,00 50 00 00 00 FF 00 80 
89020153,00 50 00 00 00 FF 00 80 
893C0153,00 50 00 00 00 FF 00 80 
897B0153,00 50 00 00 00 FF 00 80 
89E90153,00 50 00 00 00 FF 00 80 
8A5C0153,00 50 00 00 00 FF 00 80 
8A9C0153,00 50 00 00 00 FF 00 80 
8AF70153,00 50 00 00 00 FF 00 80 
8B5E0153,00 50 00 00 00 FF 00 80 
8B670153,00 50 00 00 00 00 00 FE 
8BA90153,94 51 00 00 00 FF 00 90 
8BF00153,94 51 00 00 00 FF 00 90 
8C290153,94 51 00 00 00 FF 00 90 
8C800153,94 51 00 00 00 FF 00 90 
8CE90153,94 51 00 00 00 FF 00 90 
8D230153,94 51 00 00 00 FF 00 90 
8DB00153,94 51 00 00 00 FF 00 90 
8DF50153,94 51 00 00 00 FF 00 90 
8E350153,94 51 00 00 00 FF 00 90 
8E860153,94 51 00 00 00 FF 00 90 
8EDF0153,94 51 00 00 00 FF 00 90 
8F4F0153,94 51 00 00 00 FF 00 90 
8FAA0153,94 51 00 00 00 FF 00 90 
90030153,94 51 00 00 00 FF 00 90 
90510153,94 51 00 00 00 FF 00 90 
908E0153,94 51 00 00 00 FF 00 90 
91110153,94 51 00 00 00 FF 00 90 
91880153,94 51 00 00 00 FF 00 90 
91D70153,94 51 00 00 00 FF 00 90 
92210153,94 51 00 00 00 FF 00 90 
92600153,94 51 00 00 00 FF 00 90 
92CC0153,94 51 00 00 00 FF 00 90 
93340153,94 51 00 00 00 FF 00 90 
936F0153,94 51 00 00 00 FF 00 90 
93BA0153,94 51 00 00 00 FF 00 90 
94220153,94 51 00 00 00 FF 00 90 
94770153,10 50 00 00 00 FF 00 80 
94FB0153,10 50 00 00 00 FF 00 80 
95630153,10 50 00 00 00 FF 00 80 
95AA0153,10 50 00 00 00 FF 00 80 
95FE0153,10 50 00 00 00 FF 00 80 
96800153,10 50 00 00 00 FF 00 80 
96CF0153,10 50 00 00 00 FF 00 80 
97070153,10 50 00 00 00 FF 00 80 
975A0153,10 50 00 00 00 FF 00 80 
97CB0153,10 50 00 00 00 FF 00 80 
98330153,10 50 00 00 00 FF 00 80 
98A70153,10 50 00 00 00 FF 00 80 
99240153,10 50 00 00 00 FF 00 80 
997E0153,10 50 00 00 00 FF 00 80 
99D50153,10 50 00 00 00 FF 00 80 
9A670153,10 50 00 00 00 FF 00 80 
9ABF0153,10 50 00 00 00 FF 00 80 
9B4C0153,10 50 00 00 00 FF 00 80 
9BA00153,10 50 00 00 00 FF 00 80 
9C200153,00 50 00 00 00 FF 00 80 
9C5C0153,00 50 00 00 00 FF 00 80 
9CBA0153,00 50 00 00 00 FF 00 80 
9CFC0153,00 50 00 00 00 FF 00 80 
9D7C0153,00 50 00 00 00 FF 00 80 
9E060153,00 50 00 00 00 FF 00 80 
9E490153,00 50 00 00 00 FF 00 80 
9E8F0153,00 50 00 00 00 FF 00 80 
9EE60153,00 50 00 00 00 FF 00 80 
9F760153,00 50 00 00 00 FF 00 80 
9FCF0153,00 50 00 00 00 FF 00 80 
A0410153,00 50 00 00 00 FF 00 80 
A0C00153,00 50 00 00 00 FF 00 80 
A12E0153,00 50 00 00 00 FF 00 80 
A17C0153,00 50 00 00 00 FF 00 80 
A1B30153,00 50 00 00 00 FF 00 80 
A20F0153,00 50 00 00 00 FF 00 80 
A25E0153,00 50 00 00 00 FF 00 80 
A28E0153,00 50 00 00 00 FF 00 80 
A3010153,00 50 00 00 00 FF 00 80 
A3810153,00 50 00 00 00 FF 00 80 
A3FD0153,00 50 00 00 00 FF 00 80 
A4580153,00 50 00 00 00 FF 00 80 
A4C60153,00 50 00 00 00 FF 00 80 
A4DB0153,00 50 00 00 00 FF 00 80 
A5510153,00 50 00 00 00 FF 00 80 
A5BF0153,00 50 00 00 00 FF 00 80 
A6080153,00 50 00 00 00 FF 00 80 
A63A0153,00 50 00 00 00 FF 00 80 
A6AB0153,00 50 00 00 00 FF 00 80 
A6F50153,00 50 00 00 00 FF 00 80 
A7330153,00 50 00 00 00 FF 00 80 
A7A00153,00 50 00 00 00 FF 00 80 
A80A0153,00 50 00 00 00 FF 00 80 
A8760153,00 50 00 00 00 FF 00 80 
A8F20153,00 50 00 00 00 FF 00 80 
A9310153,00 50 00 00 00 FF 00 80 
A9700153,00 50 00 00 00 FF 00 80 
A9CE0153,00 50 00 00 00 FF 00 80 
AA170153,00 50 00 00 00 FF 00 80 
AA830153,00 50 00 00 00 FF 00 80 
AA8A0153,00 50 00 00 00 FF 00 80 
AB000153,00 50 00 00 00 FF 00 80 
AB3D0153,00 50 00 00 00 FF 00 80 
AB850153,00 50 00 00 00 FF 00 80 
ABF10153,00 50 00 00 00 FF 00 80 
AC570153,00 50 00 00 00 FF 00 80 
ACC80153,00 50 00 00 00 FF 00 80 
AD220153,00 50 00 00 00 FF 00 80 
AD620153,00 50 00 00 00 FF 00 80 
ADE60153,00 50 00 00 00 FF 00 80 
AE500153,00 50 00 00 00 FF 00 80 
AEC30153,00 50 00 00 00 FF 00 80 
AF2D0153,00 50 00 00 00 FF 00 80 
AF920153,00 50 00 00 00 FF 00 80 
AFF20153,00 50 00 00 00 FF 00 80 
B0630153,00 50 00 00 00 FF 00 80 
B0990153,00 50 00 00 00 FF 00 80 
B0D80153,00 50 00 00 00 FF 00 80 
B15E0153,00 50 00 00 00 FF 00 80 
B1DF0153,00 50 00 00 00 FF 00 80 
B2280153,00 50 00 00 00 FF 00 80 
B26D0153,00 50 00 00 00 FF 00 80 
B2A60153,00 50 00 00 00 FF 00 80 
B2FF0153,00 50 00 00 00 FF 00 80 
B3740153,00 50 00 00 00 FF 00 80 
B3CD0153,00 50 00 00 00 FF 00 80 
B4320153,00 50 00 00 00 FF 00 80 
B4EA0153,00 50 00 00 00 FF 00 80 
B5440153,00 50 00 00 00 FF 00 80 
B5CD0153,00 50 00 00 00 FF 00 80 
B6370153,00 50 00 00 00 FF 00 80 
B6700153,00 50 00 00 00 FF 00 80 
B6B00153,00 50 00 00 00 FF 00 80 
B7180153,00 50 00 00 00 FF 00 80 
B7A50153,00 50 00 00 00 FF 00 80 
B7ED0153,00 50 00 00 00 FF 00 80 
B87A0153,00 50 00 00 00 FF 00 80 
B8D90153,00 50 00 00 00 FF 00 80 
B9450153,00 50 00 00 00 FF 00 80 
B99C0153,00 50 00 00 00 FF 00 80 
B9E00153,00 50 00 00 00 FF 00 80 
BA530153,00 50 00 00 00 FF 00 80 
BAAE0153,00 50 00 00 00 FF 00 80 
BB260153,00 50 00 00 00 FF 00 80 
BB880153,00 50 00 00 00 FF 00 80 
BBE10153,00 50 00 00 00 FF 00 80 
BC290153,00 50 00 00 00 FF 00 80 
BC610153,00 50 00 00 00 FF 00 80 
BCC70153,00 50 00 00 00 FF 00 80 
BD690153,00 50 00 00 00 FF 00 80 
BD6F0153,00 50 00 00 00 FF 00 80 
BDD90153,00 50 00 00 00 FF 00 80 
BE180153,00 50 00 00 00 FF 00 80 
BE570153,00 50 00 00 00 FF 00 80 
BED10153,00 50 00 00 00 FF 00 80 
BFB90153,00 50 00 00 00 FF 00 80 
BFC50153,00 50 00 00 00 FF 00 80 
C0090153,00 50 00 00 00 FF 00 80 
C0880153,00 50 00 00 00 FF 00 80 
C0AB0153,00 50 00 00 00 FF 00 80 
C1150153,00 50 00 00 00 FF 00 80 
C1560153,00 50 00 00 00 FF 00 80 
C1AB0153,00 50 00 00 00 FF 00 80 
C20D0153,00 50 00 00 00 FF 00 80 
C25C0153,00 50 00 00 00 FF 00 80 
C2C50153,00 50 00 00 00 FF 00 80 
C3340153,00 50 00 00 00 FF 00 80 
C3820153,00 50 00 00 00 FF 00 80 
C38D0153,00 50 00 00 00 FF 00 80 
C4150153,00 50 00 00 00 FF 00 80 
C4790153,00 50 00 00 00 FF 00 80 
C4C80153,00 50 00 00 00 FF 00 80 
C5250153,00 50 00 00 00 FF 00 80 
C55E0153,00 50 00 00 00 FF 00 80 
C5ED0153,00 50 00 00 00 FF 00 80 
C6360153,00 50 00 00 00 FF 00 80 
C6A70153,00 50 00 00 00 FF 00 80 
C6CC0153,00 50 00 00 00 FF 00 80 
C7460153,00 50 00 00 00 FF 00 80 
C7760153,00 50 00 00 00 FF 00 80 
C7AE0153,00 50 00 00 00 FF 00 80 
C81B0153,00 50 00 00 00 FF 00 80 
C8790153,00 50 00 00 00 FF 00 80 
C8D80153,00 50 00 00 00 FF 00 80 
C9550153,00 50 00 00 00 FF 00 80 
C9980153,00 50 00 00 00 FF 00 80 
C9A40153,00 50 00 00 00 FF 00 80 
C9F90153,00 50 00 00 00 FF 00 80 
CA5A0153,00 50 00 00 00 FF 00 80 
CB110153,00 50 00 00 00 FF 00 80 
CB960153,00 50 00 00 00 FF 00 80 
CC080153,00 50 00 00 00 FF 00 80 
CC1D0153,00 50 00 00 00 FF 00 80 
CC580153,00 50 00 00 00 FF 00 80 
CCD40153,00 50 00 00 00 FF 00 80 
CD280153,00 50 00 00 00 FF 00 80 
CD640153,00 50 00 00 00 FF 00 80 
CDB40153,00 50 00 00 00 FF 00 80 
CE190153,00 50 00 00 00 FF 00 80 
CEA90153,00 50 00 00 00 FF 00 80 
CF0F0153,00 50 00 00 00 FF 00 80 
CF890153,00 50 00 00 00 FF 00 80 
CFDD0153,00 50 00 00 00 FF 00 80 
D04F0153,00 50 00 00 00 FF 00 80 
D0AC0153,00 50 00 00 00 FF 00 80 
D1070153,00 50 00 00 00 FF 00 80 
D14A0153,00 50 00 00 00 FF 00 80 
D19F0153,00 50 00 00 00 FF 00 80 
D20A0153,00 50 00 00 00 FF 00 80 
D2840153,00 50 00 00 00 FF 00 80 
D2E60153,00 50 00 00 00 FF 00 80 
D3340153,00 50 00 00 00 FF 00 80 
D36D0153,00 50 00 00 00 FF 00 80 
D3DB0153,00 50 00 00 00 FF 00 80 
D42C0153,00 50 00 00 00 FF 00 80 
D47A0153,00 50 00 00 00 FF 00 80 
D4D50153,00 50 00 00 00 FF 00 80 
D53C0153,00 50 00 00 00 FF 00 80 
D5940153,00 50 00 00 00 FF 00 80 
D6230153,00 50 00 00 00 FF 00 80 
D6800153,00 50 00 00 00 FF 00 80 
D6E70153,00 50 00 00 00 FF 00 80 
D76E0153,00 50 00 00 00 FF 00 80 
D7DB0153,00 50 00 00 00 FF 00 80 
D85D0153,00 50 00 00 00 FF 00 80 
D8B00153,00 50 00 00 00 FF 00 80 
D91C0153,00 50 00 00 00 FF 00 80 
D9620153,00 50 00 00 00 FF 00 80 
D9AD0153,00 50 00 00 00 FF 00 80 
DA0A0153,00 50 00 00 00 FF 00 80 
DA7F0153,00 50 00 00 00 FF 00 80 
DA8B0153,00 50 00 00 00 FF 00 80 
DADB0153,00 50 00 00 00 FF 00 80 
DB1B0153,00 50 00 00 00 FF 00 80 
DB610153,00 50 00 00 00 FF 00 80 
DB9B0153,00 50 00 00 00 FF 00 80 
DBF40153,00 50 00 00 00 FF 00 80 
DC600153,00 50 00 00 00 FF 00 80 
DC760153,00 50 00 00 00 FF 00 80 
DCD90153,00 50 00 00 00 FF 00 80 
DD300153,00 50 00 00 00 FF 00 80 
DDBF0153,00 50 00 00 00 FF 00 80 
DE160153,00 50 00 00 00 FF 00 80 
DE630153,00 50 00 00 00 FF 00 80 
DEAE0153,00 50 00 00 00 FF 00 80 
DF020153,00 50 00 00 00 FF 00 80 
DF5A0153,00 50 00 00 00 FF 00 80 
DFA50153,00 50 00 00 00 FF 00 80 
E0670153,00 50 00 00 00 FF 00 80 
E0D30153,00 50 00 00 00 FF 00 80 
E1390153,00 50 00 00 00 FF 00 80 
E1AC0153,00 50 00 00 00 FF 00 80 
E1B20153,00 50 00 00 00 FF 00 80 
E2100153,00 50 00 00 00 FF 00 80 
E2620153,00 50 00 00 00 FF 00 80 
E2D00153,00 50 00 00 00 FF 00 80 
E2D60153,00 50 00 00 00 FF 00 80 
E32B0153,00 50 00 00 00 FF 00 80 
E3750153,00 50 00 00 00 FF 00 80 
E3BD0153,00 50 00 00 00 FF 00 80 
E40F0153,00 50 00 00 00 FF 00 80 
E4920153,00 50 00 00 00 FF 00 80 
E49D0153,00 50 00 00 00 FF 00 80 
E4F20153,00 50 00 00 00 FF 00 80 
E55C0153,00 50 00 00 00 FF 00 80 
E5DE0153,00 50 00 00 00 FF 00 80 
E6290153,00 50 00 00 00 FF 00 80 
E6780153,00 50 00 00 00 FF 00 80 
E7090153,00 50 00 00 00 FF 00 80 
E7790153,00 50 00 00 00 FF 00 80 
E7D60153,00 50 00 00 00 FF 00 80 
E83E0153,00 50 00 00 00 FF 00 80 
E8A50153,00 50 00 00 00 FF 00 80 
E9000153,00 50 00 00 00 FF 00 80 
E9070153,00 50 00 00 00 FF 00 80 
E9720153,00 50 00 00 00 FF 00 80 
E9AE0153,00 50 00 00 00 FF 00 80 
E9EA0153,00 50 00 00 00 FF 00 80 
EA4F0153,00 50 00 00 00 FF 00 80 
EA980153,00 50 00 00 00 FF 00 80 
EB070153,00 50 00 00 00 FF 00 80 
EB550153,00 50 00 00 00 FF 00 80 
EB8A0153,00 50 00 00 00 FF 00 80 
EBE20153,00 50 00 00 00 FF 00 80 
EC780153,00 50 00 00 00 FF 00 80 
EC840153,00 50 00 00 00 FF 00 80 
ECDC0153,00 50 00 00 00 FF 00 80 
ED470153,00 50 00 00 00 FF 00 80 
EDC00153,00 50 00 00 00 FF 00 80 
EE2F0153,00 50 00 00 00 FF 00 80 
EE730153,00 50 00 00 00 FF 00 80 
EEC40153,00 50 00 00 00 FF 00 80 
EF060153,00 50 00 00 00 FF 00 80 
EF580153,00 50 00 00 00 FF 00 80 
EFA10153,00 50 00 00 00 FF 00 80 
EFF80153,00 50 00 00 00 FF 00 80 
F0610153,00 50 00 00 00 FF 00 80 
F0C20153,00 50 00 00 00 FF 00 80 
F17B0153,00 50 00 00 00 FF 00 80 
F1FF0153,00 50 00 00 00 FF 00 80 
F2460153,00 50 00 00 00 FF 00 80 
F2920153,00 50 00 00 00 FF 00 80 
F2C40153,00 50 00 00 00 FF 00 80 
F31B0153,00 50 00 00 00 FF 00 80 
F3880153,00 50 00 00 00 FF 00 80 
F3E30153,00 50 00 00 00 FF 00 80 
F4680153,00 50 00 00 00 FF 00 80 
F4AF0153,00 50 00 00 00 FF 00 80 
F4DC0153,00 50 00 00 00 FF 00 80 
F5370153,00 50 00 00 00 FF 00 80 
F5B60153,00 50 00 00 00 FF 00 80 
F5FF0153,00 50 00 00 00 FF 00 80 
F6050153,00 50 00 00 00 FF 00 80 
F6900153,00 50 00 00 00 FF 00 80 
F6D80153,00 50 00 00 00 FF 00 80 
F73D0153,00 50 00 00 00 FF 00 80 
F7AE0153,00 50 00 00 00 FF 00 80 
F8030153,00 50 00 00 00 FF 00 80 
F89A0153,00 50 00 00 00 FF 00 80 
F9260153,00 50 00 00 00 FF 00 80 
F97E0153,00 50 00 00 00 FF 00 80 
F9CA0153,00 50 00 00 00 FF 00 80 
FA1A0153,00 50 00 00 00 FF 00 80 
FA8B0153,00 50 00 00 00 FF 00 80 
FB070153,00 50 00 00 00 FF 00 80 
FB6D0153,00 50 00 00 00 FF 00 80 
FBDE0153,00 50 00 00 00 FF 00 80 
FC110153,00 50 00 00 00 FF 00 80 
FC800153,00 50 00 00 00 FF 00 80 
FCFA0153,00 50 00 00 00 FF 00 80 
FD490153,00 50 00 00 00 FF 00 80 
FDC80153,00 50 00 00 00 FF 00 80 
FE2E0153,00 50 00 00 00 FF 00 80 
FE970153,00 50 00 00 00 FF 00 80 
FEDC0153,00 50 00 00 00 FF 00 80 
FF2A0153,00 50 00 00 00 FF 00 80 
FF830153,00 50 00 00 00 FF 00 80 
FFD60153,00 50 00 00 00 FF 00 80 
00520153,00 50 00 00 00 FF 00 80 
00C30153,00 50 00 00 00 FF 00 80 
01550153,00 50 00 00 00 FF 00 80 
01A20153,00 50 00 00 00 FF 00 80 
01E50153,00 50 00 00 00 FF 00 80 
02230153,00 50 00 00 00 FF 00 80 
027B0153,00 50 00 00 00 FF 00 80 
02C80153,00 50 00 00 00 FF 00 80 
033F0153,00 50 00 00 00 FF 00 80 
03C90153,00 50 00 00 00 FF 00 80 
04120153,00 50 00 00 00 FF 00 80 
04470153,00 50 00 00 00 FF 00 80 
04F00153,00 50 00 00 00 FF 00 80 
05250153,00 50 00 00 00 FF 00 80 
05850153,00 50 00 00 00 FF 00 80 
05FC0153,00 50 00 00 00 FF 00 80 
065A0153,00 50 00 00 00 FF 00 80 
06C60153,00 50 00 00 00 FF 00 80 
06F00153,00 50 00 00 00 FF 00 80 
07410153,00 50 00 00 00 FF 00 80 
07640153,00 50 00 00 00 FF 00 80 
07CF0153,00 50 00 00 00 FF 00 80 
083F0153,00 50 00 00 00 FF 00 80 
08760153,00 50 00 00 00 FF 00 80 
08CB0153,00 50 00 00 00 FF 00 80 
09100153,00 50 00 00 00 FF 00 80 
09830153,00 50 00 00 00 FF 00 80 
09940153,00 50 00 00 00 FF 00 80 
09FF0153,00 50 00 00 00 FF 00 80 
0A140153,00 50 00 00 00 FF 00 80 
0A630153,00 50 00 00 00 FF 00 80 
0AA10153,00 50 00 00 00 FF 00 80 
0AE10153,00 50 00 00 00 FF 00 80 
0B470153,00 50 00 00 00 FF 00 80 
0BBD0153,00 50 00 00 00 FF 00 80 
0BFC0153,00 50 00 00 00 FF 00 80 
0C0C0153,00 50 00 00 00 FF 00 80 
0C7C0153,00 50 00 00 00 FF 00 80 
0CD60153,00 50 00 00 00 FF 00 80 
0D5B0153,00 50 00 00 00 FF 00 80 
0DAE0153,00 50 00 00 00 FF 00 80 
0DEC0153,00 50 00 00 00 FF 00 80 
0E700153,00 50 00 00 00 FF 00 80 
0EB40153,00 50 00 00 00 FF 00 80 
0EBF0153,00 50 00 00 00 FF 00 80 
0F140153,00 50 00 00 00 FF 00 80 
0F770153,00 50 00 00 00 FF 00 80 
0FC30153,00 50 00 00 00 FF 00 80 
10100153,00 50 00 00 00 FF 00 80 
10A90153,00 50 00 00 00 FF 00 80 
11050153,00 50 00 00 00 FF 00 80 
11AF0153,00 50 00 00 00 FF 00 80 
11EE0153,00 50 00 00 00 FF 00 80 
12300153,00 50 00 00 00 FF 00 80 
12A20153,00 50 00 00 00 FF 00 80 
13270153,00 50 00 00 00 FF 00 80 
139C0153,00 50 00 00 00 FF 00 80 
13A20153,00 50 00 00 00 FF 00 80 
13E20153,00 50 00 00 00 FF 00 80 
142F0153,00 50 00 00 00 FF 00 80 
14710153,00 50 00 00 00 FF 00 80 
14AE0153,00 50 00 00 00 FF 00 80 
15310153,00 50 00 00 00 FF 00 80 
159C0153,00 50 00 00 00 FF 00 80 
16050153,00 50 00 00 00 FF 00 80 
16440153,00 50 00 00 00 FF 00 80 
167D0153,00 50 00 00 00 FF 00 80 
16BC0153,00 50 00 00 00 FF 00 80 
171C0153,00 50 00 00 00 FF 00 80 
17740153,00 50 00 00 00 FF 00 80 
17D90153,00 50 00 00 00 FF 00 80 
184B0153,00 50 00 00 00 FF 00 80 
18A00153,00 50 00 00 00 FF 00 80 
19310153,00 50 00 00 00 FF 00 80 
19A50153,00 50 00 00 00 FF 00 80 
19FA0153,00 50 00 00 00 FF 00 80 
1A4C0153,00 50 00 00 00 FF 00 80 
1AAE0153,00 50 00 00 00 FF 00 80 
1AE30153,00 50 00 00 00 FF 00 80 
1B4A0153,00 50 00 00 00 FF 00 80 
1BC90153,00 50 00 00 00 FF 00 80 
1C230153,00 50 00 00 00 FF 00 80 
1C7F0153,00 50 00 00 00 FF 00 80 
1CFC0153,00 50 00 00 00 FF 00 80 
1D9A0153,00 50 00 00 00 FF 00 80 
1E000153,00 50 00 00 00 FF 00 80 
1E710153,00 50 00 00 00 FF 00 80 
1EF00153,00 50 00 00 00 FF 00 80 
1F4C0153,00 50 00 00 00 FF 00 80 
1F9E0153,00 50 00 00 00 FF 00 80 
20340153,00 50 00 00 00 FF 00 80 
20A50153,00 50 00 00 00 FF 00 80 
20E70153,00 50 00 00 00 FF 00 80 
20FC0153,00 50 00 00 00 FF 00 80 
217A0153,00 50 00 00 00 FF 00 80 
21EF0153,00 50 00 00 00 FF 00 80 
21F50153,00 50 00 00 00 FF 00 80 
224E0153,00 50 00 00 00 FF 00 80 
22C00153,00 50 00 00 00 FF 00 80 
232E0153,00 50 00 00 00 FF 00 80 
237D0153,00 50 00 00 00 FF 00 80 
23EF0153,00 50 00 00 00 FF 00 80 
24240153,00 50 00 00 00 FF 00 80 
247C0153,00 50 00 00 00 FF 00 80 
24E40153,00 50 00 00 00 FF 00 80 
25190153,00 50 00 00 00 FF 00 80 
25700153,00 50 00 00 00 FF 00 80 
25C40153,00 50 00 00 00 FF 00 80 
26670153,00 50 00 00 00 FF 00 80 
26F90153,00 50 00 00 00 FF 00 80 
27570153,00 50 00 00 00 FF 00 80 
27D10153,00 50 00 00 00 FF 00 80 
28190153,00 50 00 00 00 FF 00 80 
286B0153,00 50 00 00 00 FF 00 80 
28D50153,00 50 00 00 00 FF 00 80 
29220153,00 50 00 00 00 FF 00 80 
296E0153,00 50 00 00 00 FF 00 80 
29B90153,00 50 00 00 00 FF 00 80 
2A1F0153,00 50 00 00 00 FF 00 80 
2A5F0153,00 50 00 00 00 FF 00 80 
2A8D0153,00 50 00 00 00 FF 00 80 
2AF40153,00 50 00 00 00 FF 00 80 
2B390153,00 50 00 00 00 FF 00 80 
2B9F0153,00 50 00 00 00 FF 00 80 
2BE50153,00 50 00 00 00 FF 00 80 
2C3D0153,00 50 00 00 00 FF 00 80 
2C920153,00 50 00 00 00 FF 00 80 
2CDF0153,00 50 00 00 00 FF 00 80 
2D5D0153,00 50 00 00 00 FF 00 80 
2D8A0153,00 50 00 00 00 FF 00 80 
2DC80153,00 50 00 00 00 FF 00 80 
2E530153,00 50 00 00 00 FF 00 80 
2EA60153,00 50 00 00 00 FF 00 80 
2F130153,00 50 00 00 00 FF 00 80 
2F780153,00 50 00 00 00 FF 00 80 
2FA40153,00 50 00 00 00 FF 00 80 
2FFB0153,00 50 00 00 00 FF 00 80 
30530153,00 50 00 00 00 FF 00 80 
30A50153,00 50 00 00 00 FF 00 80 
30E30153,00 50 00 00 00 FF 00 80 
31510153,00 50 00 00 00 FF 00 80 
321D0153,00 50 00 00 00 FF 00 80 
32600153,00 50 00 00 00 FF 00 80 
32C20153,00 50 00 00 00 FF 00 80 
333D0153,00 50 00 00 00 FF 00 80 
338C0153,00 50 00 00 00 FF 00 80 
33E80153,00 50 00 00 00 FF 00 80 
34430153,00 50 00 00 00 FF 00 80 
34940153,00 50 00 00 00 FF 00 80 
35080153,00 50 00 00 00 FF 00 80 
356F0153,00 50 00 00 00 FF 00 80 
35E30153,00 50 00 00 00 FF 00 80 
35EA0153,00 50 00 00 00 FF 00 80 
36460153,00 50 00 00 00 FF 00 80 
36B10153,00 50 00 00 00 FF 00 80 
37100153,00 50 00 00 00 FF 00 80 
377C0153,00 50 00 00 00 FF 00 80 
37F10153,00 50 00 00 00 FF 00 80 
38410153,00 50 00 00 00 FF 00 80 
38970153,00 50 00 00 00 FF 00 80 
38FF0153,00 50 00 00 00 FF 00 80 
39800153,00 50 00 00 00 FF 00 80 
39CE0153,00 50 00 00 00 FF 00 80 
3A1B0153,10 50 00 00 00 FF 00 80 
3A920153,10 50 00 00 00 FF 00 80 
3B470153,10 50 00 00 00 FF 00 80 
3B840153,10 50 00 00 00 FF 00 80 
3C3F0153,10 50 00 00 00 FF 00 80 
3C4C0153,10 50 00 00 00 FF 00 80 
3C8E0153,10 50 00 00 00 FF 00 80 
3CD20153,10 50 00 00 00 FF 00 80 
3D2A0153,10 50 00 00 00 FF 00 80 
3DAD0153,10 50 00 00 00 FF 00 80 
3DF60153,10 50 00 00 00 FF 00 80 
3E360153,10 50 00 00 00 FF 00 80 
3E8C0153,10 50 00 00 00 FF 00 80 
3EEC0153,10 50 00 00 00 FF 00 80 
3F5B0153,10 50 00 00 00 FF 00 80 
3FB50153,10 50 00 00 00 FF 00 80 
3FF10153,10 50 00 00 00 FF 00 80 
40320153,10 50 00 00 00 FF 00 80 
40800153,10 50 00 00 00 FF 00 80 
40BD0153,10 50 00 00 00 FF 00 80 
41020153,10 50 00 00 00 FF 00 80 
41560153,10 50 00 00 00 FF 00 80 
41AE0153,10 50 00 00 00 FF 00 80 
42140153,10 50 00 00 00 FF 00 80 
42430153,10 50 00 00 00 FF 00 80 
429A0153,10 50 00 00 00 FF 00 80 
42EB0153,10 50 00 00 00 FF 00 80 
43380153,10 50 00 00 00 FF 00 80 
43AA0153,10 50 00 00 00 FF 00 80 
44190153,10 50 00 00 00 FF 00 80 
444B0153,10 50 00 00 00 FF 00 80 
44CF0153,10 50 00 00 00 FF 00 80 
45560153,10 50 00 00 00 FF 00 80 
45930153,10 50 00 00 00 FF 00 80 
45E90153,10 50 00 00 00 FF 00 80 
463A0153,10 50 00 00 00 FF 00 80 
46790153,10 50 00 00 00 FF 00 80 
46F40153,10 50 00 00 00 FF 00 80 
47600153,10 50 00 00 00 FF 00 80 
47BD0153,10 50 00 00 00 FF 00 80 
480F0153,10 50 00 00 00 FF 00 80 
48800153,10 50 00 00 00 FF 00 80 
48AC0153,10 50 00 00 00 FF 00 80 
48E20153,10 50 00 00 00 FF 00 80 
491F0153,10 50 00 00 00 FF 00 80 
49AA0153,10 50 00 00 00 FF 00 80 
4A670153,00 50 00 00 00 FF 00 80 
4AB80153,00 50 00 00 00 FF 00 80 
4B0E0153,00 50 00 00 00 FF 00 80 
4B490153,00 50 00 00 00 FF 00 80 
4BBD0153,00 50 00 00 00 FF 00 80 
4C3B0153,00 50 00 00 00 FF 00 80 
4C410153,00 50 00 00 00 FF 00 80 
4C9B0153,00 50 00 00 00 FF 00 80 
4D180153,00 50 00 00 00 FF 00 80 
4D7B0153,00 50 00 00 00 FF 00 80 
4DE60153,00 50 00 00 00 FF 00 80 
4E350153,00 50 00 00 00 FF 00 80 
4E880153,00 50 00 00 00 FF 00 80 
4EE40153,00 50 00 00 00 FF 00 80 
4FA80153,00 50 00 00 00 FF 00 80 
50000153,00 50 00 00 00 FF 00 80 
50AD0153,00 50 00 00 00 FF 00 80 
51390153,00 50 00 00 00 FF 00 80 
517B0153,00 50 00 00 00 FF 00 80 
51B30153,00 50 00 00 00 FF 00 80 
520F0153,00 50 00 00 00 FF 00 80 
526E0153,00 50 00 00 00 FF 00 80 
52CB0153,00 50 00 00 00 FF 00 80 
53350153,00 50 00 00 00 FF 00 80 
53950153,00 50 00 00 00 FF 00 80 
53F30153,00 50 00 00 00 FF 00 80 
54740153,00 50 00 00 00 FF 00 80 
54CD0153,00 50 00 00 00 FF 00 80 
555B0153,00 50 00 00 00 FF 00 80 
55660153,00 50 00 00 00 FF 00 80 
55C20153,00 50 00 00 00 FF 00 80 
56130153,00 50 00 00 00 FF 00 80 
56890153,00 50 00 00 00 FF 00 80 
57120153,00 50 00 00 00 FF 00 80 
575A0153,00 50 00 00 00 FF 00 80 
579D0153,00 50 00 00 00 FF 00 80 
58020153,00 50 00 00 00 FF 00 80 
588B0153,00 50 00 00 00 FF 00 80 
58E40153,00 50 00 00 00 FF 00 80 
59560153,00 50 00 00 00 FF 00 80 
599A0153,00 50 00 00 00 FF 00 80 
59D00153,00 50 00 00 00 FF 00 80 
5A450153,00 98 01 00 00 FF 00 80 
5ACA0153,00 98 01 00 00 FF 00 80 
5B160153,00 A0 01 00 00 FF 00 80 
5B5B0153,00 A0 01 00 00 FF 00 80 
5B960153,00 A0 01 00 00 FF 00 80 
5C080153,00 A8 01 00 00 FF 00 80 
5C720153,00 A8 01 00 00 FF 00 80 
5CAD0153,00 A8 01 00 00 FF 00 80 
5CF10153,00 B0 01 00 00 FF 00 80 
5D8A0153,00 B0 01 00 00 FF 00 80 
5DE20153,00 B0 01 00 00 FF 00 80 
5E230153,00 B0 01 00 00 FF 00 80 
5E9A0153,00 B0 01 00 00 FF 00 80 
5EF20153,00 B0 01 00 00 FF 00 80 
5F280153,00 B0 01 00 00 FF 00 80 
5F840153,00 B0 01 00 00 FF 00 80 
600E0153,00 B8 01 00 00 FF 00 80 
60540153,00 B8 01 00 00 FF 00 80 
60C00153,00 B8 01 00 00 FF 00 80 
61170153,00 B8 01 00 00 FF 00 80 
61540153,00 B8 01 00 00 FF 00 80 
61D20153,00 B8 01 00 00 FF 00 80 
62290153,00 B8 01 00 00 FF 00 80 
62750153,00 C0 01 00 00 FF 00 80 
62C10153,00 C0 01 00 00 FF 00 80 
63280153,00 C0 01 00 00 FF 00 80 
63630153,00 C0 01 00 00 FF 00 80 
63A80153,00 C0 01 00 00 FF 00 80 
64250153,00 C0 01 00 00 FF 00 80 
64860153,00 C0 01 00 00 FF 00 80 
65010153,00 C0 01 00 00 FF 00 80 
653B0153,00 C0 01 00 00 FF 00 80 
65800153,00 C0 01 00 00 FF 00 80 
65DB0153,00 C0 01 00 00 FF 00 80 
664F0153,00 C0 01 00 00 FF 00 80 
66830153,00 C0 01 00 00 FF 00 80 
66F30153,00 C0 01 00 00 FF 00 80 
67540153,00 C0 01 00 00 FF 00 80 
67BC0153,00 C0 01 00 00 FF 00 80 
681E0153,00 C0 01 00 00 FF 00 80 
68600153,00 C0 01 00 00 FF 00 80 
68A00153,00 C0 01 00 00 FF 00 80 
690D0153,00 C0 01 00 00 FF 00 80 
69190153,10 C0 01 00 00 FF 00 80 
69500153,10 C0 01 00 00 FF 00 80 
69B70153,10 C0 01 00 00 FF 00 80 
69FB0153,10 C0 01 00 00 FF 00 80 
6B460153,10 50 02 00 00 FF 00 80 
6BDB0153,10 50 02 00 00 FF 00 80 
6C510153,10 58 02 00 00 FF 00 80 
6CA20153,10 58 02 00 00 FF 00 80 
6D170153,10 58 02 00 00 FF 00 80 
6D3E0153,10 58 02 00 00 FF 00 80 
6D9B0153,10 60 02 00 00 FF 00 80 
6E070153,10 60 02 00 00 FF 00 80 
6E7A0153,10 68 02 00 00 FF 00 80 
6EEE0153,10 60 02 00 00 FF 00 80 
6F2F0153,10 60 02 00 00 FF 00 80 
6F690153,10 60 02 00 00 FF 00 80 
6FC60153,10 60 02 00 00 FF 00 80 
70160153,10 60 02 00 00 FF 00 80 
705D0153,10 60 02 00 00 FF 00 80 
70A70153,10 60 02 00 00 FF 00 80 
70F30153,10 60 02 00 00 FF 00 80 
71600153,10 60 02 00 00 FF 00 80 
71BD0153,10 60 02 00 00 FF 00 80 
72460153,10 60 02 00 00 FF 00 80 
72A40153,10 60 02 00 00 FF 00 80 
73430153,10 60 02 00 00 FF 00 80 
73500153,10 60 02 00 00 FF 00 80 
739E0153,10 60 02 00 00 FF 00 80 
74680153,10 60 02 00 00 FF 00 80 
74B30153,10 60 02 00 00 FF 00 80 
75100153,10 60 02 00 00 FF 00 80 
755B0153,10 60 02 00 00 FF 00 80 
759D0153,10 60 02 00 00 FF 00 80 
75EC0153,10 60 02 00 00 FF 00 80 
762F0153,10 60 02 00 00 FF 00 80 
768F0153,10 58 02 00 00 FF 00 80 
77030153,10 58 02 00 00 FF 00 80 
77790153,10 58 02 00 00 FF 00 80 
77E40153,10 58 02 00 00 FF 00 80 
78340153,10 58 02 00 00 FF 00 80 
78880153,10 58 02 00 00 FF 00 80 
78D00153,10 58 02 00 00 FF 00 80 
79770153,10 58 02 00 00 FF 00 80 
79B40153,10 58 02 00 00 FF 00 80 
79E70153,10 58 02 00 00 FF 00 80 
7A4A0153,10 58 02 00 00 FF 00 80 
7AB50153,10 58 02 00 00 FF 00 80 
7B430153,10 A0 02 00 00 FF 00 80 
7BAF0153,10 A0 02 00 00 FF 00 80 
7C050153,10 A0 02 00 00 FF 00 80 
7C770153,10 A0 02 00 00 FF 00 80 
7CE50153,10 A0 02 00 00 FF 00 80 
7D290153,10 A0 02 00 00 FF 00 80 
7D790153,10 A0 02 00 00 FF 00 80 
7DD30153,10 A0 02 00 00 FF 00 80 
7E410153,10 A0 02 00 00 FF 00 80 
7EB70153,10 A0 02 00 00 FF 00 80 
7F0E0153,10 A0 02 00 00 FF 00 80 
7F770153,10 A0 02 00 00 FF 00 80 
7FDE0153,10 A8 02 00 00 FF 00 80 
80290153,10 A8 02 00 00 FF 00 80 
80640153,10 B0 02 00 00 FF 00 80 
80C10153,10 B0 02 00 00 FF 00 80 
810B0153,10 B0 02 00 00 FF 00 80 
81920153,10 B0 02 00 00 FF 00 80 
82040153,10 B0 02 00 00 FF 00 80 
82620153,10 B0 02 00 00 FF 00 80 
82C70153,10 B0 02 00 00 FF 00 80 
83280153,10 B0 02 00 00 FF 00 80 
83A10153,10 B0 02 00 00 FF 00 80 
84080153,10 B8 02 00 00 FF 00 80 
84810153,10 B8 02 00 00 FF 00 80 
84E00153,10 B8 02 00 00 FF 00 80 
85760153,10 B8 02 00 00 FF 00 80 
85CF0153,10 B8 02 00 00 FF 00 80 
86380153,10 B0 02 00 00 FF 00 80 
86AD0153,10 B0 02 00 00 FF 00 80 
86F90153,10 B0 02 00 00 FF 00 80 
875A0153,10 B0 02 00 00 FF 00 80 
87B00153,10 B0 02 00 00 FF 00 80 
88050153,10 B0 02 00 00 FF 00 80 
88660153,10 B0 02 00 00 FF 00 80 
88A00153,10 B0 02 00 00 FF 00 80 
88F80153,10 B0 02 00 00 FF 00 80 
89530153,10 B0 02 00 00 FF 00 80 
89B80153,10 B0 02 00 00 FF 00 80 
8A230153,10 A8 02 00 00 FF 00 80 
8A9F0153,10 A8 02 00 00 FF 00 80 
8AF60153,00 A8 02 00 00 FF 00 80 
8B670153,00 A8 02 00 00 FF 00 80 
8BE00153,00 A8 02 00 00 FF 00 80 
8C140153,00 A0 02 00 00 FF 00 80 
8C500153,00 98 02 00 00 FF 00 80 
8CD60153,00 90 02 00 00 FF 00 80 
8D1D0153,00 90 02 00 00 FF 00 80 
8D650153,00 90 02 00 00 FF 00 80 
8DAF0153,00 88 02 00 00 FF 00 80 
8E440153,00 80 02 00 00 FF 00 80 
8E500153,00 80 02 00 00 FF 00 80 
8EB10153,00 78 02 00 00 FF 00 80 
8F3E0153,00 70 02 00 00 FF 00 80 
93050153,00 68 02 00 00 FF 00 80 
93530153,00 68 02 00 00 FF 00 80 
93A30153,00 58 02 00 00 FF 00 80 
93E50153,00 58 02 00 00 FF 00 80 
948D0153,00 50 02 00 00 FF 00 80 
94980153,00 50 02 00 00 FF 00 80 
95030153,00 50 02 00 00 FF 00 80 
953E0153,00 48 02 00 00 FF 00 80 
95800153,00 48 02 00 00 FF 00 80 
96050153,00 48 02 00 00 FF 00 80 
964B0153,00 38 02 00 00 FF 00 80 
967A0153,00 38 02 00 00 FF 00 80 
96D90153,00 38 02 00 00 FF 00 80 
97990153,00 30 02 00 00 FF 00 80 
979F0153,00 30 02 00 00 FF 00 80 
980B0153,00 30 02 00 00 FF 00 80 
98610153,00 30 02 00 00 FF 00 80 
989B0153,00 28 02 00 00 FF 00 80 
99030153,00 28 02 00 00 FF 00 80 
99530153,00 28 02 00 00 FF 00 80 
99D00153,00 28 02 00 00 FF 00 80 
99F90153,00 28 02 00 00 FF 00 80 
9A750153,00 20 02 00 00 FF 00 80 
9AB50153,00 28 02 00 00 FF 00 80 
9ADD0153,00 20 02 00 00 FF 00 80 
9B340153,00 20 02 00 00 FF 00 80 
9B870153,00 28 02 00 00 FF 00 80 
9BC40153,00 20 02 00 00 FF 00 80 
9C610153,00 18 02 00 00 FF 00 80 
9C9A0153,00 10 02 00 00 FF 00 80 
9CE00153,00 10 02 00 00 FF 00 80 
9D3C0153,00 10 02 00 00 FF 00 80 
9DAA0153,00 10 02 00 00 FF 00 80 
9DBC0153,00 10 02 00 00 FF 00 80 
9E410153,00 D8 00 00 00 FF 00 80 
9EAD0153,00 D8 00 00 00 FF 00 80 
9F140153,00 D8 00 00 00 FF 00 80 
9F460153,00 D8 00 00 00 FF 00 80 
9F8C0153,00 D0 00 00 00 FF 00 80 
9FDF0153,00 D0 00 00 00 FF 00 80 
A0980153,00 D0 00 00 00 FF 00 80 
A0A30153,00 D0 00 00 00 FF 00 80 
A1020153,00 D0 00 00 00 FF 00 80 
A1370153,00 D0 00 00 00 FF 00 80 
A16F0153,00 C8 00 00 00 FF 00 80 
A1E50153,00 C8 00 00 00 FF 00 80 
A2200153,00 C0 00 00 00 FF 00 80 
A2550153,00 C0 00 00 00 FF 00 80 
A2C80153,00 C0 00 00 00 FF 00 80 
A31C0153,00 C0 00 00 00 FF 00 80 
A3AC0153,00 C0 00 00 00 FF 00 80 
A3B30153,00 B8 00 00 00 FF 00 80 
A41F0153,00 B8 00 00 00 FF 00 80 
A47B0153,00 B8 00 00 00 FF 00 80 
A4E10153,00 B0 00 00 00 FF 00 80 
A5270153,00 B0 00 00 00 FF 00 80 
A57B0153,00 B0 00 00 00 FF 00 80 
A5D30153,00 B0 00 00 00 FF 00 80 
A64E0153,00 A8 00 00 00 FF 00 80 
A65F0153,00 A8 00 00 00 FF 00 80 
A6A30153,00 A8 00 00 00 FF 00 80 
A71B0153,00 A8 00 00 00 FF 00 80 
A7580153,00 A8 00 00 00 FF 00 80 
A7970153,00 A8 00 00 00 FF 00 80 
A7FC0153,00 A0 00 00 00 FF 00 80 
A83E0153,00 A0 00 00 00 FF 00 80 
A88D0153,00 A0 00 00 00 FF 00 80 
A8E60153,00 98 00 00 00 FF 00 80 
A9A60153,00 90 00 00 00 FF 00 80 
A9E80153,00 90 00 00 00 FF 00 80 
AA710153,00 90 00 00 00 FF 00 80 
AAB50153,00 90 00 00 00 FF 00 80 
AB010153,00 90 00 00 00 FF 00 80 
AB860153,00 90 00 00 00 FF 00 80 
AB950153,00 90 00 00 00 FF 00 80 
ABD50153,00 90 00 00 00 FF 00 80 
AC560153,00 88 00 00 00 FF 00 80 
ACAF0153,00 80 00 00 00 FF 00 80 
ACF40153,00 70 00 00 00 FF 00 80 
AD2B0153,00 70 00 00 00 FF 00 80 
AD9E0153,00 70 00 00 00 FF 00 80 
AE160153,00 68 00 00 00 FF 00 80 
AEA20153,00 F0 05 00 00 FF 00 80 
AEA80153,00 F0 05 00 00 FF 00 80 
AF030153,00 F8 05 00 00 FF 00 80 
AF3B0153,00 00 06 00 00 FF 00 80 
AF760153,00 08 06 00 00 FF 00 80 
AFC70153,00 08 06 00 00 FF 00 80 
B0490153,00 10 06 00 00 FF 00 80 
B07D0153,00 18 06 00 00 FF 00 80 
B0C10153,00 18 06 00 00 FF 00 80 
B12F0153,00 20 06 00 00 FF 00 80 
B1820153,00 20 06 00 00 FF 00 80 
B1B10153,00 30 06 00 00 FF 00 80 
B2070153,00 30 06 00 00 FF 00 80 
B29D0153,00 30 06 00 00 FF 00 80 
B2DA0153,00 38 06 00 00 FF 00 80 
B36B0153,00 38 06 00 00 FF 00 80 
B3BB0153,00 38 06 00 00 FF 00 80 
B4070153,00 40 06 00 00 FF 00 80 
B4710153,00 48 06 00 00 FF 00 80 
B4CE0153,00 50 06 00 00 FF 00 80 
B5410153,00 50 06 00 00 FF 00 80 
B59C0153,00 50 06 00 00 FF 00 80 
B5FC0153,00 50 06 00 00 FF 00 80 
B6680153,00 58 06 00 00 FF 00 80 
B6A80153,00 58 06 00 00 FF 00 80 
B7010153,00 60 06 00 00 FF 00 80 
B7500153,00 60 06 00 00 FF 00 80 
B7A30153,00 60 06 00 00 FF 00 80 
B7FC0153,00 60 06 00 00 FF 00 80 
B8670153,00 68 06 00 00 FF 00 80 
B8CA0153,00 68 06 00 00 FF 00 80 
B9610153,00 68 06 00 00 FF 00 80 
B99B0153,00 68 06 00 00 FF 00 80 
B9B20153,00 60 06 00 00 FF 00 80 
BA1F0153,00 68 06 00 00 FF 00 80 
BA720153,00 68 06 00 00 FF 00 80 
BAFF0153,00 70 06 00 00 FF 00 80 
BB060153,00 70 06 00 00 FF 00 80 
BBE10153,00 78 06 00 00 FF 00 80 
BC1B0153,00 70 06 00 00 FF 00 80 
BC840153,00 78 06 00 00 FF 00 80 
BCD90153,00 80 06 00 00 FF 00 80 
BD250153,00 80 06 00 00 FF 00 80 
BD6B0153,00 80 06 00 00 FF 00 80 
BDF00153,00 88 06 00 00 FF 00 80 
BE250153,00 90 06 00 00 FF 00 80 
BE820153,00 98 06 00 00 FF 00 80 
BEF10153,00 98 0B 00 00 FF 00 80 
BF300153,00 A0 0B 00 00 FF 00 80 
BF790153,00 A8 0B 00 00 FF 00 80 
BFD70153,00 A0 0B 00 00 FF 00 80 
C0310153,00 A8 0B 00 00 FF 00 80 
C0C30153,00 A0 0B 00 00 FF 00 80 
C1160153,00 B0 0B 00 00 FF 00 80 
C1610153,00 B0 0B 00 00 FF 00 80 
C1B70153,00 B8 0B 00 00 FF 00 80 
C2310153,00 B0 0B 00 00 FF 00 80 
C2A70153,00 B8 0B 00 00 FF 00 80 
C3080153,00 B0 0B 00 00 FF 00 80 
C3820153,00 B0 0B 00 00 FF 00 80 
C3B70153,00 B8 0B 00 00 FF 00 80 
C4110153,00 B0 0B 00 00 FF 00 80 
C4840153,00 B0 0B 00 00 FF 00 80 
C4FE0153,00 B0 0B 00 00 FF 00 80 
C5580153,00 B8 0B 00 00 FF 00 80 
C5D40153,00 C0 0B 00 00 FF 00 80 
C6310153,00 C0 0B 00 00 FF 00 80 
C6A10153,00 C0 0B 00 00 FF 00 80 
C6B50153,00 C0 0B 00 00 FF 00 80 
C71B0153,00 B8 0B 00 00 FF 00 80 
C7770153,00 C0 0B 00 00 FF 00 80 
C7EA0153,00 C8 0B 00 00 FF 00 80 
C8240153,00 C8 0B 00 00 FF 00 80 
C86C0153,00 D0 0B 00 00 FF 00 80 
C8CF0153,00 D0 0B 00 00 FF 00 80 
C9200153,00 D0 0B 00 00 FF 00 80 
C97C0153,00 D0 0B 00 00 FF 00 80 
C9F60153,00 C8 0B 00 00 FF 00 80 
CA4B0153,00 E8 0B 00 00 FF 00 80 
CABC0153,00 E8 0B 00 00 FF 00 80 
CB110153,00 00 0C 00 00 FF 00 80 
CB5A0153,00 F8 0B 00 00 FF 00 80 
CBD80153,00 20 0C 00 00 FF 00 80 
CC300153,00 10 0C 00 00 FF 00 80 
CC360153,00 20 0C 00 00 FF 00 80 
CCAB0153,00 18 0C 00 00 FF 00 80 
CD350153,00 10 0C 00 00 FF 00 80 
CD8D0153,00 60 0C 00 00 FF 00 80 
CDE20153,00 58 0C 00 00 FF 00 80 
CE200153,00 58 0C 00 00 FF 00 80 
CEAA0153,00 78 0C 00 00 FF 00 80 
CEF60153,00 68 0C 00 00 FF 00 80 
CF3F0153,00 60 0C 00 00 FF 00 80 
CFC00153,00 30 0E 00 00 FF 00 80 
D00D0153,00 30 0E 00 00 FF 00 80 
D0760153,00 38 0E 00 00 FF 00 80 
D0E00153,00 38 0E 00 00 FF 00 80 
D15D0153,00 48 0E 00 00 FF 00 80 
D1900153,00 40 0E 00 00 FF 00 80 
D1E50153,00 40 0E 00 00 FF 00 80 
D2400153,00 40 0E 00 00 FF 00 80 
D2860153,00 30 0E 00 00 FF 00 80 
D2EA0153,00 28 0E 00 00 FF 00 80 
D32F0153,00 28 0E 00 00 FF 00 80 
D3750153,00 28 0E 00 00 FF 00 80 
D3DA0153,00 20 0E 00 00 FF 00 80 
D4400153,00 00 0E 00 00 FF 00 80 
D49C0153,00 08 0E 00 00 FF 00 80 
D52C0153,00 10 0E 00 00 FF 00 80 
D5A50153,00 20 0E 00 00 FF 00 80 
D6100153,00 30 0E 00 00 FF 00 80 
D68B0153,00 30 0E 00 00 FF 00 80 
D6960153,00 30 0E 00 00 FF 00 80 
D6EA0153,00 30 0E 00 00 FF 00 80 
D7630153,00 28 0E 00 00 FF 00 80 
D7A50153,00 28 0E 00 00 FF 00 80 
D7E40153,00 28 0E 00 00 FF 00 80 
D87F0153,00 28 0E 00 00 FF 00 80 
D88F0153,00 28 0E 00 00 FF 00 80 
D8F30153,00 28 0E 00 00 FF 00 80 
D9490153,00 38 0E 00 00 FF 00 80 
DD170153,00 30 0E 00 00 FF 00 80 
DD7C0153,00 28 0E 00 00 FF 00 80 
DDEB0153,00 28 0E 00 00 FF 00 80 
DE480153,00 30 0E 00 00 FF 00 80 
DEBF0153,00 30 0E 00 00 FF 00 80 
DF390153,00 38 0E 00 00 FF 00 80 
DFA10153,00 38 0E 00 00 FF 00 80 
E0110153,00 30 0E 00 00 FF 00 80 
E0450153,00 38 0E 00 00 FF 00 80 
E0A00153,00 30 0E 00 00 FF 00 80 
E10A0153,00 38 0E 00 00 FF 00 80 
E14B0153,00 30 0E 00 00 FF 00 80 
E1950153,00 40 0E 00 00 FF 00 80 
E2230153,00 30 0E 00 00 FF 00 80 
E2800153,00 28 0E 00 00 FF 00 80 
E2F00153,00 30 0E 00 00 FF 00 80 
E31E0153,00 28 0C 00 00 FF 00 80 
E3620153,00 20 0C 00 00 FF 00 80 
E3C30153,00 28 0C 00 00 FF 00 80 
E4350153,00 20 0C 00 00 FF 00 80 
E4730153,00 20 0C 00 00 FF 00 80 
E4AD0153,00 20 0C 00 00 FF 00 80 
E5220153,00 28 0C 00 00 FF 00 80 
E5870153,00 28 0C 00 00 FF 00 80 
E5D50153,00 28 0C 00 00 FF 00 80 
E6330153,00 20 0C 00 00 FF 00 80 
E6900153,00 20 0C 00 00 FF 00 80 
E6FA0153,00 20 0C 00 00 FF 00 80 
E70A0153,00 28 0C 00 00 FF 00 80 
E7740153,00 28 0C 00 00 FF 00 80 
E7E20153,00 20 0C 00 00 FF 00 80 
E8950153,00 10 0C 00 00 FF 00 80 
E8D00153,00 20 0C 00 00 FF 00 80 
E9750153,00 20 0C 00 00 FF 00 80 
E9C40153,00 20 0C 00 00 FF 00 80 
EA1D0153,00 18 0C 00 00 FF 00 80 
EA630153,00 20 0C 00 00 FF 00 80 
EAF50153,00 20 0C 00 00 FF 00 80 
EB480153,00 18 0C 00 00 FF 00 80 
EBB40153,00 20 0C 00 00 FF 00 80 
EC390153,00 20 0C 00 00 FF 00 80 
EC950153,00 20 0C 00 00 FF 00 80 
ED080153,00 20 0C 00 00 FF 00 80 
ED4C0153,00 18 0C 00 00 FF 00 80 
ED8D0153,00 20 0C 00 00 FF 00 80 
EE070153,00 10 0C 00 00 FF 00 80 
EE600153,00 10 0C 00 00 FF 00 80 
EECD0153,00 08 0C 00 00 FF 00 80 
EF310153,00 18 0C 00 00 FF 00 80 
EF640153,00 20 0C 00 00 FF 00 80 
EFC50153,00 20 0C 00 00 FF 00 80 
F06F0153,00 18 0C 00 00 FF 00 80 
F0CF0153,00 18 0C 00 00 FF 00 80 
F1470153,00 18 0C 00 00 FF 00 80 
F1B90153,00 18 0C 00 00 FF 00 80 
F21F0153,00 18 0C 00 00 FF 00 80 
F27A0153,00 20 0C 00 00 FF 00 80 
F2EF0153,00 20 0C 00 00 FF 00 80 
F3490153,00 80 0B 00 00 FF 00 80 
F3930153,00 90 0B 00 00 FF 00 80 
F4050153,00 88 0B 00 00 FF 00 80 
F4520153,00 98 0B 00 00 FF 00 80 
F4B60153,00 88 0B 00 00 FF 00 80 
F4EE0153,00 88 0B 00 00 FF 00 80 
F5440153,00 88 0B 00 00 FF 00 80 
F5D20153,00 80 0B 00 00 FF 00 80 
F6440153,00 80 0B 00 00 FF 00 80 
F68A0153,00 78 0B 00 00 FF 00 80 
F6C90153,00 78 0B 00 00 FF 00 80 
F7240153,00 80 0B 00 00 FF 00 80 
F7FE0153,00 70 0B 00 00 FF 00 80 
F8210153,00 70 0B 00 00 FF 00 80 
F8880153,00 78 0B 00 00 FF 00 80 
F8C90153,00 78 0B 00 00 FF 00 80 
F9200153,00 70 0B 00 00 FF 00 80 
F9710153,00 78 0B 00 00 FF 00 80 
FA090153,00 70 0B 00 00 FF 00 80 
FA4F0153,00 68 0B 00 00 FF 00 80 
FAF00153,00 68 0B 00 00 FF 00 80 
FAFC0153,00 70 0B 00 00 FF 00 80 
FB6E0153,00 68 0B 00 00 FF 00 80 
FBAC0153,00 68 0B 00 00 FF 00 80 
FBE70153,00 70 0B 00 00 FF 00 80 
FC6D0153,00 60 0B 00 00 FF 00 80 
FCBE0153,00 68 0B 00 00 FF 00 80 
FD010153,00 60 0B 00 00 FF 00 80 
FD500153,00 60 0B 00 00 FF 00 80 
FDD90153,00 60 0B 00 00 FF 00 80 
FE1E0153,00 68 0B 00 00 FF 00 80 
FE340153,00 70 0B 00 00 FF 00 80 
FEA20153,00 60 0B 00 00 FF 00 80 
FF0D0153,00 60 0B 00 00 FF 00 80 
FF780153,00 58 0B 00 00 FF 00 80 
FFBB0153,00 58 0B 00 00 FF 00 80 
FFFA0153,00 60 0B 00 00 FF 00 80 
006A0153,00 48 0B 00 00 FF 00 80 
00DA0153,00 50 0B 00 00 FF 00 80 
00F20153,00 50 0B 00 00 FF 00 80 
015B0153,00 50 0B 00 00 FF 00 80 
021F0153,00 38 0B 00 00 FF 00 80 
02810153,00 38 0B 00 00 FF 00 80 